name.firstName,name.lastName,age,address.line1,address.line2,address.city,address.state,gender
Anthony,Ornils,26,77698 Valley Edge Plaza,Kenwood,Addis Ababa,Addis Ababa,Male
Jake,Nicholl,19,37 Farmco Way,Village Green,Addis Ababa,Addis Ababa,Male
Benny,Griswaite,32,3018 Larry Park,Main,Paris,Île-de-France,Male
Quinn,Erasmus,55,158 Sycamore Hill,4th,Bangkok,Bangkok,Female
Ty,Dallywater,60,13201 Prairie Rose Hill,Mosinee,Seattle,Washington,Male
Dorey,Ralfe,65,8 Grover Way,Hoffman,Buenos Aires,Buenos Aires,Male
Tim,Simson,43,7 Forest Run Trail,Debra,Johannesburg,Gauteng,Female
Inga,Quadling,58,0752 Warrior Pass,Buhler,Paris,Île-de-France,Female
Benny,Boother,63,50662 Scoville Junction,Pierstorff,Singapore,Singapore,Female
Sarah,Mitchell,18,234 Maple Street,Apt 5B,New York,New York,Female
James,Rodriguez,29,1567 Oak Avenue,Suite 200,Los Angeles,California,Male
Emily,Chen,35,892 Pine Road,Floor 3,Toronto,Ontario,Female
Michael,Johnson,42,445 Elm Drive,Unit 12,London,England,Male
Lisa,Anderson,67,778 Cedar Lane,Building A,Sydney,New South Wales,Female
David,Brown,24,3421 Birch Court,Apt 8,Mumbai,Maharashtra,Male
Maria,Garcia,51,9087 Willow Way,Suite 5,Mexico City,Mexico City,Female
John,Lee,38,1234 Spruce Street,Floor 2,Tokyo,Tokyo,Male
Anna,Martinez,70,5678 Ash Boulevard,Unit 3A,Berlin,Berlin,Female
Robert,Taylor,22,8765 Poplar Avenue,Apt 15,Paris,Île-de-France,Male
Jennifer,Wilson,45,4321 Magnolia Drive,Suite 100,Dubai,Dubai,Female
William,Moore,61,2109 Hickory Lane,Building B,Singapore,Singapore,Male
Patricia,Anderson,17,6543 Chestnut Road,Floor 1,Mumbai,Maharashtra,Female
Christopher,Thomas,33,3210 Walnut Street,Apt 22,London,England,Male
Barbara,Jackson,56,7890 Beech Avenue,Unit 7,Sydney,New South Wales,Female
Daniel,White,28,1357 Cypress Court,Suite 3,Toronto,Ontario,Male
Nancy,Harris,72,2468 Redwood Way,Floor 5,New York,New York,Female
Matthew,Martin,41,9876 Sycamore Drive,Apt 9,Los Angeles,California,Male
Karen,Thompson,19,5432 Fir Lane,Building C,Tokyo,Tokyo,Female
Joseph,Garcia,54,8901 Pine Boulevard,Unit 4B,Mexico City,Mexico City,Male
Susan,Martinez,66,3456 Oak Court,Suite 8,Berlin,Berlin,Female
Charles,Robinson,23,6789 Elm Avenue,Floor 6,Dubai,Dubai,Male
Jessica,Clark,47,2345 Maple Road,Apt 11,Bangkok,Bangkok,Female
Thomas,Rodriguez,59,7654 Cedar Street,Unit 2A,Buenos Aires,Buenos Aires,Male
Margaret,Lewis,71,4567 Birch Drive,Building D,Paris,Île-de-France,Female
Paul,Walker,27,8912 Willow Lane,Suite 7,Singapore,Singapore,Male
Sandra,Hall,36,5678 Spruce Court,Floor 4,Johannesburg,Gauteng,Female
Mark,Allen,49,1234 Ash Way,Apt 6,Seattle,Washington,Male
Ashley,Young,20,9012 Poplar Boulevard,Unit 5B,Addis Ababa,Addis Ababa,Female
Steven,King,62,3456,Magnolia Avenue,Suite 2,Mumbai,Maharashtra,Male
Kimberly,Wright,16,6789 Hickory Street,Floor 7,London,England,Female
Andrew,Lopez,34,2345 Chestnut Drive,Building E,Sydney,New South Wales,Male
Donna,Hill,57,7890 Walnut Lane,Apt 13,Toronto,Ontario,Female
Joshua,Scott,25,4567 Beech Court,Unit 8A,New York,New York,Male
Michelle,Green,68,8901 Cypress Road,Suite 4,Los Angeles,California,Female
Kevin,Adams,31,5432 Redwood Avenue,Floor 8,Tokyo,Tokyo,Male
Carol,Baker,48,1234 Sycamore Street,Apt 14,Mexico City,Mexico City,Female
Brian,Nelson,73,9876 Fir Drive,Building F,Berlin,Berlin,Male
Amanda,Carter,21,3456 Pine Lane,Unit 6B,Dubai,Dubai,Female
George,Mitchell,53,6789 Oak Court,Suite 9,Bangkok,Bangkok,Male
Stephanie,Perez,64,2345 Elm Way,Floor 9,Buenos Aires,Buenos Aires,Female
Ronald,Roberts,26,7654 Maple Boulevard,Apt 16,Paris,Île-de-France,Male
Laura,Turner,39,4567 Cedar Avenue,Unit 3B,Singapore,Singapore,Female
Edward,Phillips,52,8912 Birch Street,Building G,Johannesburg,Gauteng,Male
Sharon,Campbell,69,5678 Willow Drive,Suite 6,Seattle,Washington,Female
Jason,Parker,30,1234 Spruce Lane,Floor 10,Addis Ababa,Addis Ababa,Male
Cynthia,Evans,44,9012 Ash Court,Apt 17,Mumbai,Maharashtra,Female
Kevin,Edwards,58,3456 Poplar Road,Unit 4C,London,England,Male
Amy,Collins,15,6789 Magnolia Way,Building H,Sydney,New South Wales,Female
Gary,Stewart,37,2345 Hickory Avenue,Suite 5,Toronto,Ontario,Male
Shirley,Sanchez,63,7890 Chestnut Street,Floor 11,New York,New York,Female
Timothy,Morris,29,4567 Walnut Drive,Apt 18,Los Angeles,California,Male
Angela,Rogers,50,8901 Beech Lane,Unit 7B,Tokyo,Tokyo,Female
Nicholas,Reed,75,5432 Cypress Court,Building I,Mexico City,Mexico City,Male
Deborah,Cook,24,1234 Redwood Road,Suite 10,Berlin,Berlin,Female
Ryan,Morgan,46,9876 Sycamore Avenue,Floor 12,Dubai,Dubai,Male
Rachel,Bell,60,3456 Fir Street,Apt 19,Bangkok,Bangkok,Female
Jacob,Murphy,18,6789 Pine Drive,Unit 5C,Buenos Aires,Buenos Aires,Male
Carolyn,Bailey,55,2345 Oak Lane,Building J,Paris,Île-de-France,Female
Kyle,Rivera,32,7654 Elm Court,Suite 11,Singapore,Singapore,Male
Janet,Cooper,67,4567 Maple Way,Floor 13,Johannesburg,Gauteng,Female
Benjamin,Richardson,28,8912 Cedar Boulevard,Apt 20,Seattle,Washington,Male
Katherine,Cox,43,5678 Birch Avenue,Unit 8B,Addis Ababa,Addis Ababa,Female
Dennis,Howard,71,1234 Willow Street,Building K,Mumbai,Maharashtra,Male
Rebecca,Ward,22,9012 Spruce Drive,Suite 12,London,England,Female
Scott,Torres,54,3456 Ash Lane,Floor 14,Sydney,New South Wales,Male
Christine,Peterson,66,6789 Poplar Court,Apt 21,Toronto,Ontario,Female
Samuel,Gray,27,2345 Magnolia Road,Unit 6C,New York,New York,Male
Catherine,Ramirez,40,7890 Hickory Way,Building L,Los Angeles,California,Female
Frank,James,59,4567 Chestnut Avenue,Suite 13,Tokyo,Tokyo,Male
Virginia,Watson,74,8901 Walnut Street,Floor 15,Mexico City,Mexico City,Female
Raymond,Brooks,23,5432 Beech Drive,Apt 22,Berlin,Berlin,Male
Pamela,Kelly,48,1234 Cypress Lane,Unit 9B,Dubai,Dubai,Female
Peter,Sanders,61,9876 Redwood Court,Building M,Bangkok,Bangkok,Male
Martha,Price,17,3456 Sycamore Road,Suite 14,Buenos Aires,Buenos Aires,Female
Jack,Bennett,35,6789 Fir Way,Floor 16,Paris,Île-de-France,Male
Judith,Wood,57,2345 Pine Avenue,Apt 23,Singapore,Singapore,Female
Henry,Barnes,70,7654 Oak Street,Unit 7C,Johannesburg,Gauteng,Male
Julie,Ross,21,4567 Elm Drive,Building N,Seattle,Washington,Female
Douglas,Henderson,42,8912 Maple Lane,Suite 15,Addis Ababa,Addis Ababa,Male
Heather,Coleman,65,5678 Cedar Court,Floor 17,Mumbai,Maharashtra,Female
Gerald,Jenkins,26,1234 Birch Road,Apt 24,London,England,Male
Teresa,Perry,38,9012 Willow Way,Unit 4D,Sydney,New South Wales,Female
Albert,Powell,52,3456 Spruce Avenue,Building O,Toronto,Ontario,Male
Gloria,Long,68,6789 Ash Street,Suite 16,New York,New York,Female
Keith,Patterson,31,2345 Poplar Drive,Floor 18,Los Angeles,California,Male